[
  {
    "state": "RJ",
    "city": "ANGRA DOS REIS",
    "neighborhood": "ANGRA"
  },
  {
    "state": "RJ",
    "city": "ANGRA DOS REIS",
    "neighborhood": "CAMORIM"
  },
  {
    "state": "RJ",
    "city": "ANGRA DOS REIS",
    "neighborhood": "CENTRO"
  },
  {
    "state": "RJ",
    "city": "ANGRA DOS REIS",
    "neighborhood": "NOVA ANGRA (CUNHAMBEBE)"
  },
  {
    "state": "RJ",
    "city": "ANGRA DOS REIS",
    "neighborhood": "PARQUE MAMBUCABA (MAMBUCABA)"
  },
  {
    "state": "RJ",
    "city": "APERIBE",
    "neighborhood": "CENTRO"
  },
  {
    "state": "RJ",
    "city": "ARARUAMA",
    "neighborhood": "ARARUAMA LAGOA SHOPPING"
  },
  {
    "state": "RJ",
    "city": "ARARUAMA",
    "neighborhood": "CENTRO"
  },
  {
    "state": "RJ",
    "city": "ARARUAMA",
    "neighborhood": "CENTRO (SAO VICENTE)"
  },
  {
    "state": "RJ",
    "city": "ARARUAMA",
    "neighborhood": "COQUEIRAL"
  },
  {
    "state": "RJ",
    "city": "ARARUAMA",
    "neighborhood": "IGUABINHA"
  },
  {
    "state": "RJ",
    "city": "AREAL",
    "neighborhood": "CENTRO"
  },
  {
    "state": "RJ",
    "city": "ARMACAO DOS BUZIOS",
    "neighborhood": "CENTRO"
  },
  {
    "state": "RJ",
    "city": "ARMACAO DOS BUZIOS",
    "neighborhood": "MANGUINHOS"
  },
  {
    "state": "RJ",
    "city": "ARMACAO DOS BUZIOS",
    "neighborhood": "MANGUINHOS"
  },
  {
    "state": "RJ",
    "city": "ARRAIAL DO CABO",
    "neighborhood": "CENTRO"
  },
  {
    "state": "RJ",
    "city": "ARRAIAL DO CABO",
    "neighborhood": "PRAIA GRANDE"
  },
  {
    "state": "RJ",
    "city": "BARRA DO PIRAI",
    "neighborhood": "CALIFORNIA DA BARRA"
  },
  {
    "state": "RJ",
    "city": "BARRA DO PIRAI",
    "neighborhood": "CENTRO"
  },
  {
    "state": "RJ",
    "city": "BARRA DO PIRAI",
    "neighborhood": "IPIABAS"
  },
  {
    "state": "RJ",
    "city": "BARRA MANSA",
    "neighborhood": "BOA VISTA II"
  },
  {
    "state": "RJ",
    "city": "BARRA MANSA",
    "neighborhood": "CENTRO"
  },
  {
    "state": "RJ",
    "city": "BARRA MANSA",
    "neighborhood": "MONTE CRISTO"
  },
  {
    "state": "RJ",
    "city": "BARRA MANSA",
    "neighborhood": "NOVE DE ABRIL"
  },
  {
    "state": "RJ",
    "city": "BARRA MANSA",
    "neighborhood": "VISTA ALEGRE"
  },
  {
    "state": "RJ",
    "city": "BELFORD ROXO",
    "neighborhood": "DAS GRACAS"
  },
  {
    "state": "RJ",
    "city": "BELFORD ROXO",
    "neighborhood": "HELIOPOLIS"
  },
  {
    "state": "RJ",
    "city": "BELFORD ROXO",
    "neighborhood": "PARQUE SAO VICENTE"
  },
  {
    "state": "RJ",
    "city": "BELFORD ROXO",
    "neighborhood": "PARQUE SÃO JOSE"
  },
  {
    "state": "RJ",
    "city": "BELFORD ROXO",
    "neighborhood": "VALE DA MANGUEIRA"
  },
  {
    "state": "RJ",
    "city": "RIO DE JANEIRO",
    "neighborhood": "BANGU"
  },
  {
    "state": "RJ",
    "city": "RIO DE JANEIRO",
    "neighborhood": "BARRA DA TIJUCA"
  },
  {
    "state": "RJ",
    "city": "RIO DE JANEIRO",
    "neighborhood": "CAMPO GRANDE"
  },
  {
    "state": "RJ",
    "city": "RIO DE JANEIRO",
    "neighborhood": "JARDIM AMERICA"
  },
  {
    "state": "RJ",
    "city": "RIO DE JANEIRO",
    "neighborhood": "PENHA"
  },
  {
    "state": "RJ",
    "city": "RIO DE JANEIRO",
    "neighborhood": "PIEDADE"
  },
  {
    "state": "RJ",
    "city": "RIO DE JANEIRO",
    "neighborhood": "REALENGO"
  },
  {
    "state": "RJ",
    "city": "RIO DE JANEIRO",
    "neighborhood": "RECREIO DOS BANDEIRANTES"
  },
  {
    "state": "RJ",
    "city": "RIO DE JANEIRO",
    "neighborhood": "SANTA CRUZ"
  },
  {
    "state": "RJ",
    "city": "RIO DE JANEIRO",
    "neighborhood": "TAQUARA"
  },
  {
    "state": "SP",
    "city": "ADAMANTINA",
    "neighborhood": "CENTRO"
  },
  {
    "state": "SP",
    "city": "ADAMANTINA",
    "neighborhood": "CENTRO"
  },
  {
    "state": "SP",
    "city": "ADAMANTINA",
    "neighborhood": "DESMEMBRAMENTO SAN CONRADO"
  },
  {
    "state": "SP",
    "city": "ADAMANTINA",
    "neighborhood": "VILA JARDIM"
  },
  {
    "state": "SP",
    "city": "ADOLFO",
    "neighborhood": "CENTRO"
  },
  {
    "state": "SP",
    "city": "AGUAI",
    "neighborhood": "CENTRO"
  },
  {
    "state": "SP",
    "city": "AGUAI",
    "neighborhood": "CIDADE NOVA"
  },
  {
    "state": "SP",
    "city": "AGUAS DA PRATA",
    "neighborhood": "CENTRO"
  },
  {
    "state": "SP",
    "city": "AGUAS DE LINDOIA",
    "neighborhood": "BELA VISTA"
  },
  {
    "state": "SP",
    "city": "AGUAS DE LINDOIA",
    "neighborhood": "CENTRO"
  },
  {
    "state": "SP",
    "city": "AGUAS DE LINDOIA",
    "neighborhood": "PIMENTEIS"
  },
  {
    "state": "SP",
    "city": "AGUAS DE SANTA BARBARA",
    "neighborhood": "CENTRO"
  },
  {
    "state": "SP",
    "city": "AGUAS DE SANTA BARBARA",
    "neighborhood": "VILA CANTIZANI"
  },
  {
    "state": "SP",
    "city": "AGUAS DE SAO PEDRO",
    "neighborhood": "CENTRO"
  },
  {
    "state": "SP",
    "city": "AGUDOS",
    "neighborhood": "CENTENARIO PARQUE"
  },
  {
    "state": "SP",
    "city": "AGUDOS",
    "neighborhood": "CENTRO"
  },
  {
    "state": "SP",
    "city": "AGUDOS",
    "neighborhood": "CHACARA AVATO"
  },
  {
    "state": "SP",
    "city": "AGUDOS",
    "neighborhood": "PARQUE PAMPULHA"
  },
  {
    "state": "SP",
    "city": "AGUDOS",
    "neighborhood": "VILA SANTA CECILIA"
  },
  {
    "state": "SP",
    "city": "ALAMBARI",
    "neighborhood": "CENTRO"
  },
  {
    "state": "SP",
    "city": "ALAMBARI",
    "neighborhood": "TATETU"
  },
  {
    "state": "SP",
    "city": "SAO PAULO",
    "neighborhood": "BRAS"
  },
  {
    "state": "SP",
    "city": "SAO PAULO",
    "neighborhood": "CAMBUCI"
  },
  {
    "state": "SP",
    "city": "SAO PAULO",
    "neighborhood": "CASA VERDE"
  },
  {
    "state": "SP",
    "city": "SAO PAULO",
    "neighborhood": "CENTRO"
  },
  {
    "state": "SP",
    "city": "SAO PAULO",
    "neighborhood": "JARDIM RODOLFO PIRANI"
  },
  {
    "state": "SP",
    "city": "SAO PAULO",
    "neighborhood": "JARDIM ROSINHA"
  },
  {
    "state": "SP",
    "city": "SAO PAULO",
    "neighborhood": "MOOCA"
  },
  {
    "state": "SP",
    "city": "SAO PAULO",
    "neighborhood": "PACAEMBU"
  },
  {
    "state": "SP",
    "city": "SAO PAULO",
    "neighborhood": "VILA ESPERANCA"
  },
  {
    "state": "SP",
    "city": "SAO PAULO",
    "neighborhood": "VILA FANTON"
  },
  {
    "state": "SP",
    "city": "SAO PAULO",
    "neighborhood": "VILA RE"
  }
]
